<?xml version="1.0" encoding="utf-8"?>
<Module>
  <Name value="Wanderer Template"/>
  <Id value="ZCustomWandererTemplate"/>
  <Version value="v1.0.0"/>
  <SingleplayerModule value="true"/>
  <MultiplayerModule value="false"/>
  <DependedModules>
    <DependedModule Id="Native"/>
    <DependedModule Id="SandBoxCore"/>
    <DependedModule Id="Sandbox"/>
    <DependedModule Id="CustomBattle"/>
    <DependedModule Id="StoryMode"/>
  </DependedModules>
  <SubModules>
  </SubModules>
  <Xmls>
    <XmlNode>
      <XmlName id="NPCCharacters" path="customwanderer_template"/>
      <IncludedGameTypes>
        <GameType value = "Campaign"/>
        <GameType value = "CampaignStoryMode"/>
      </IncludedGameTypes>
    </XmlNode>
    <XmlNode>
      <XmlName id="Strings" path="customwanderer_strings_template"/>
      <IncludedGameTypes>
        <GameType value = "Campaign"/>
        <GameType value = "CampaignStoryMode"/>
      </IncludedGameTypes>
    </XmlNode>
  </Xmls>
</Module>